{"A": [[1.0, 1.0, 0.0, 0.0], [0.0, 1.0, 0.0, 0.0], [0.0, 0.0, 1.0, 1.0], [0.0, 0.0, 0.0, 1.0]], "H": [[1, 0, 0, 0], [0, 0, 1, 0]], "Q": [[0.003333333333333334, 0.005000000000000001, 0.0, 0.0], [0.005000000000000001, 0.010000000000000002, 0.0, 0.0], [0.0, 0.0, 0.003333333333333334, 0.005000000000000001], [0.0, 0.0, 0.005000000000000001, 0.010000000000000002]], "R": [[0.09, 0.0], [0.0, 0.09]], "x_init": [0.0, 0.1, 0.0, 0.1], "cov_init": [[0.0, 0.0, 0.0, 0.0], [0.0, 0.0, 0.0, 0.0], [0.0, 0.0, 0.0, 0.0], [0.0, 0.0, 0.0, 0.0]], "simulated_states": [[0.07920952432361225, 0.11776241439020832, 0.13431744491066608, 0.09583328580639602], [0.18240546091997484, 0.15184646309772337, 0.24289781401899982, 0.11896535236462746], [0.23302579344433128, 0.0003018697356763078, 0.40860879051560306, 0.18196037812522256], [0.32509113930966854, 0.11406369737686738, 0.6095347983129258, 0.16363709363963297], [0.5030291846262853, 0.26841671766659153, 0.7415940274814026, 0.15093646352681933], [0.7194378070860901, 0.09603643214206997, 0.8694200142723063, 0.01280648065155221], [0.811202842191313, 0.10136625002016228, 0.8265551086758713, -0.07903933254304123], [0.9142567404398491, 0.1545173817820388, 0.6620793917384291, -0.26899506068263285], [1.0507882714442687, 0.10280128348263451, 0.4520203002135513, -0.11826450203764591], [1.2193620631762923, 0.21839604823504544, 0.263188519219576, -0.1781417197227181], [1.4245761628695643, 0.17243580162032265, 0.054511480201726796, -0.2572765646241841], [1.5943682016287481, 0.23101849634682575, -0.20825417537349047, -0.23951528748549045], [1.8901878494777051, 0.3757002359669691, -0.42987930233664085, -0.05638421049695275], [2.2114349578039634, 0.33199938079719665, -0.431288133357824, -0.01857158174606896], [2.4534777753209, 0.24815322685608124, -0.5046270723981116, -0.07931350818671082], [2.7168479820814446, 0.2565447000381969, -0.56419034146823, 0.06098236413514682], [3.0550926124921047, 0.3014338871730523, -0.6205301953920932, -0.20860067380385525], [3.381803058775177, 0.38933107170151493, -0.8715714370626909, -0.250808216905285], [3.8579381775303703, 0.4973598427331424, -1.0810435142044152, -0.15576434407010809], [4.365037951325693, 0.48812556509768007, -1.1753857910506635, -0.0579443755914958]], "simulated_measurements": [[0.302825828772792, -0.3789986833076354], [-0.001554625153985495, 0.6550043639471247], [0.28172853348348526, 0.48577753075405883], [0.18777417151133505, 0.014280314010219675], [0.3638235690508451, 0.9507470067370671], [0.8402549444568461, 1.2427648536607478], [0.9002072013497978, 0.8927811246118489], [0.8286892285649365, 0.34969940114687575], [1.2188571599546543, 0.6241329811213707], [1.1364337694600137, 0.7670538115134643], [1.3088223713143168, 0.35478213332375663], [1.5170080324538178, -0.1227404312534796], [2.4934256919816375, 0.32609020722472826], [1.35352856203827, -0.3040260256412568], [2.55737040989197, -0.8207722640022067], [2.7799101494638108, -0.4511794983582036], [3.33886143291597, -0.8457054415149475], [3.1249519632176765, -0.6455879819439921], [3.752274175655134, -1.3665840712095796], [4.194671525085756, -1.4772185705754322]], "predicted_states": [[0.1072437795990283, 0.11086566939854244, 0.08289290416758445, 0.07433935625137666], [0.16898816309615725, 0.07381321837991023, 0.2685440709897007, 0.15830245561415035], [0.2598668563275822, 0.08270725086483138, 0.45268159332304597, 0.1717669460341301], [0.2603429693980086, 0.047526494261910184, 0.30032161258865225, 0.033096476125197866], [0.33866966320898595, 0.05971389600679773, 0.6732296848368423, 0.16755730755340884], [0.6421404380740643, 0.15493504813467746, 1.0625367415394693, 0.2541815976942964], [0.8540525382363366, 0.17735964259806966, 1.0825062668280117, 0.16200219291242027], [0.9190029217246598, 0.1328108920649787, 0.748339564234762, -0.034633782835638366], [1.1447483237641238, 0.16973910780364798, 0.6638719838132441, -0.05443561133652329], [1.215237111915119, 0.13029270843127194, 0.6972951731441388, -0.01951669770849737], [1.3250524250111617, 0.12215732267310453, 0.4975936910481805, -0.09110161877618489], [1.4861555373992523, 0.13762550268841728, 0.1111928702831505, -0.2083862148305828], [2.1090384502669868, 0.33033715890031595, 0.1389967816807059, -0.1145873578703106], [1.8334776490596991, 0.08971630248964219, -0.15885613773985202, -0.1873677916631098], [2.277063294490709, 0.23025103756023557, -0.6110210614148033, -0.29252862443099076], [2.659423407060463, 0.2906598630569953, -0.6511261107752986, -0.1922807483805471], [3.167023544040058, 0.376816114323109, -0.8446894802861782, -0.1927901320297241], [3.310097445774427, 0.2839871140918985, -0.8188013893943067, -0.10594368447826713], [3.6823555440760574, 0.3190432600681589, -1.1712945263299832, -0.20385891305641535], [4.109246449590827, 0.36187410937172443, -1.4321065573810805, -0.22647739864408623]],